name,description
Marmaduke Peerman,Nulla suscipit ligula in lacus.
Moritz Gunbie,"Cras mi pede, malesuada in, imperdiet et, commodo vulputate, justo."
Delmar Jozwiak,Vestibulum sed magna at nunc commodo placerat.
Berny Tarbatt,Curabitur in libero ut massa volutpat convallis.
Kelila Ivchenko,"Vestibulum quam sapien, varius ut, blandit non, interdum in, ante."
Brnaba Turle,Morbi a ipsum.
Cletus Lapsley,Duis ac nibh.
Wandis Kindred,Mauris ullamcorper purus sit amet nulla.
Omero Pollastro,Morbi porttitor lorem id ligula.
Kaleb Kippen,Fusce posuere felis sed lacus.
Wit Handaside,"Vestibulum quam sapien, varius ut, blandit non, interdum in, ante."
Xylia Leadstone,"Nullam orci pede, venenatis non, sodales sed, tincidunt eu, felis."
Aldwin Gaythor,Phasellus sit amet erat.
Gaylor Porcas,Suspendisse potenti.
Colene Bareham,Integer tincidunt ante vel ipsum.
Ingrim Lines,Aliquam erat volutpat.
Fulvia Perschke,Quisque ut erat.
Elwira Magovern,Aliquam quis turpis eget elit sodales scelerisque.
Emmit Warbys,"Quisque arcu libero, rutrum ac, lobortis vel, dapibus at, diam."
Risa Baszkiewicz,Quisque ut erat.
Theresina Vasyunkin,"Morbi vestibulum, velit id pretium iaculis, diam erat fermentum justo, nec condimentum neque sapien placerat ante."
Melisandra Whyley,Nulla ut erat id mauris vulputate elementum.
Idalia Wilkenson,Suspendisse accumsan tortor quis turpis.
Anabal Towe,Duis ac nibh.
Florry Newarte,Etiam pretium iaculis justo.
Merle Fleischmann,"Cras mi pede, malesuada in, imperdiet et, commodo vulputate, justo."
Ruthanne Stokoe,Quisque id justo sit amet sapien dignissim vestibulum.
Alleen Timoney,Duis ac nibh.
Myca Cowlard,Suspendisse potenti.
Sella Barensky,In quis justo.
Sonni Bichard,In eleifend quam a odio.
Ella Matijasevic,Duis bibendum.
Derrik Dampier,Aenean auctor gravida sem.
Maison Whyke,Etiam faucibus cursus urna.
Artus Pallesen,In hac habitasse platea dictumst.
Corri Giggie,Suspendisse potenti.
Ricard Nacey,Ut tellus.
Laurette Spinella,"Morbi vestibulum, velit id pretium iaculis, diam erat fermentum justo, nec condimentum neque sapien placerat ante."
Donielle Konertz,Morbi non lectus.
Zedekiah Titmarsh,Aenean lectus.
Gilbertina Twaits,"Duis bibendum, felis sed interdum venenatis, turpis enim blandit mi, in porttitor pede justo eu massa."
Orelee Oseland,Nulla suscipit ligula in lacus.
Stan Liley,Mauris ullamcorper purus sit amet nulla.
Malia Learmonth,Proin interdum mauris non ligula pellentesque ultrices.
Alard Dorkin,"In est risus, auctor sed, tristique in, tempus sit amet, sem."
Augustin McInulty,In congue.
Felizio Dennes,In hac habitasse platea dictumst.
Ezechiel Boot,"Quisque arcu libero, rutrum ac, lobortis vel, dapibus at, diam."
Daryl Spilsbury,Phasellus sit amet erat.
Sutherlan Course,Duis consequat dui nec nisi volutpat eleifend.
Florette Frarey,Pellentesque ultrices mattis odio.
Richardo Setterthwait,Vestibulum ante ipsum primis in faucibus orci luctus et ultrices posuere cubilia Curae; Mauris viverra diam vitae quam.
Codi Grant,Vestibulum ac est lacinia nisi venenatis tristique.
Candace Tomkin,Nullam sit amet turpis elementum ligula vehicula consequat.
Alasteir Orneles,"Cras mi pede, malesuada in, imperdiet et, commodo vulputate, justo."
Duke Pople,Nam tristique tortor eu pede.
Demetris Leeke,"Cum sociis natoque penatibus et magnis dis parturient montes, nascetur ridiculus mus."
Dierdre Stodart,Nunc purus.
Godfrey Flippen,Donec vitae nisi.
Tabitha Eouzan,Pellentesque at nulla.
Jaine Axell,Praesent lectus.
Angie Waliszek,"Proin leo odio, porttitor id, consequat in, consequat ut, nulla."
Milty Westrope,"Quisque erat eros, viverra eget, congue eget, semper rutrum, nulla."
Morgun Woolway,In eleifend quam a odio.
Tory Blackadder,Phasellus sit amet erat.
Jerry Haggerwood,Morbi a ipsum.
Frazer McBratney,Nullam porttitor lacus at turpis.
Leigh Paolini,Curabitur at ipsum ac tellus semper interdum.
Lew Suatt,"Cum sociis natoque penatibus et magnis dis parturient montes, nascetur ridiculus mus."
Otis Nunnerley,Curabitur at ipsum ac tellus semper interdum.
Mohammed Harrismith,Phasellus id sapien in sapien iaculis congue.
Cori Points,Suspendisse potenti.
Daryn Kunath,"Morbi odio odio, elementum eu, interdum eu, tincidunt in, leo."
Maximilianus O'Regan,Curabitur in libero ut massa volutpat convallis.
Barb Chattaway,Duis mattis egestas metus.
Hernando Tomczykowski,Nunc purus.
Hedy Dello,Phasellus id sapien in sapien iaculis congue.
Dulsea Kloster,Curabitur gravida nisi at nibh.
Virgil Dobrowolski,Etiam justo.
Greg Paolicchi,Pellentesque eget nunc.
Shalna Scotchmur,Sed ante.
Dawna Connah,Vestibulum ante ipsum primis in faucibus orci luctus et ultrices posuere cubilia Curae; Mauris viverra diam vitae quam.
Georges Causier,Vestibulum ante ipsum primis in faucibus orci luctus et ultrices posuere cubilia Curae; Nulla dapibus dolor vel est.
Domenic O'Driscoll,Aenean auctor gravida sem.
Tova Grene,Maecenas pulvinar lobortis est.
Penrod Vernall,Pellentesque ultrices mattis odio.
Romonda Chander,Sed accumsan felis.
Wain Mowday,Fusce posuere felis sed lacus.
Elihu Benezet,Nulla tempus.
Whitney Guiso,Maecenas pulvinar lobortis est.
Hercules Mackrell,Etiam pretium iaculis justo.
Rochester Tomankiewicz,Donec semper sapien a libero.
Kelbee Whiteway,"Nam congue, risus semper porta volutpat, quam pede lobortis ligula, sit amet eleifend pede libero quis orci."
Horatius Vanezis,"Morbi sem mauris, laoreet ut, rhoncus aliquet, pulvinar sed, nisl."
Gabriello Littlefair,"Cras mi pede, malesuada in, imperdiet et, commodo vulputate, justo."
Joycelin Lahive,Quisque ut erat.
Hermy Wenderoth,"Nulla neque libero, convallis eget, eleifend luctus, ultricies eu, nibh."
Evita Hapgood,Donec posuere metus vitae ipsum.
Stevy Widdison,"Fusce lacus purus, aliquet at, feugiat non, pretium quis, lectus."
Phyllida Wellfare,Nunc purus.
Randa Chotty,Mauris sit amet eros.
Ave Byford,Morbi ut odio.
Electra Rotge,Nulla tellus.
Elie Glenwright,Fusce consequat.
Burt Fegan,"Maecenas tristique, est et tempus semper, est quam pharetra magna, ac consequat metus sapien ut nunc."
Eleonora Sawers,In eleifend quam a odio.
Nikolaos Ilive,"Maecenas leo odio, condimentum id, luctus nec, molestie sed, justo."
Roarke Mathet,Duis consequat dui nec nisi volutpat eleifend.
Norean Antonovic,Mauris lacinia sapien quis libero.
Prince Truelove,Morbi non lectus.
Byran Cough,Quisque id justo sit amet sapien dignissim vestibulum.
Saunder Clethro,Nulla mollis molestie lorem.
Maureen Philipp,Nulla tempus.
Heinrik Dakers,"Morbi vestibulum, velit id pretium iaculis, diam erat fermentum justo, nec condimentum neque sapien placerat ante."
Sterling Lowseley,"Morbi sem mauris, laoreet ut, rhoncus aliquet, pulvinar sed, nisl."
Huntley Petrello,Suspendisse potenti.
Simone Bazek,Integer non velit.
Grissel Roglieri,Curabitur gravida nisi at nibh.
Billye Schoenrock,Integer a nibh.
Cointon Jaffa,"Donec odio justo, sollicitudin ut, suscipit a, feugiat et, eros."
Deidre Docker,In eleifend quam a odio.
Cora Maus,Sed accumsan felis.
Moritz Brandts,Aenean lectus.
Nonah Spier,"Proin leo odio, porttitor id, consequat in, consequat ut, nulla."
Sax Camilleri,Integer ac neque.
Ronnie Mahmood,Duis bibendum.
Beauregard Tomas,Etiam justo.
Ellswerth Frie,Mauris lacinia sapien quis libero.
Juliann Hawksley,Proin interdum mauris non ligula pellentesque ultrices.
Truman Scourge,Donec ut dolor.
Liliane Dmitrichenko,Aliquam erat volutpat.
Caryn Mcwhinney,Proin eu mi.
Cathyleen Ruffy,Sed ante.
Nealon Worshall,In congue.
Jaime Bowler,Quisque porta volutpat erat.
Arline Moulin,Praesent blandit.
Dedra Trevallion,"Cras mi pede, malesuada in, imperdiet et, commodo vulputate, justo."
Claudius Castellanos,Praesent blandit.
Gustie Antonat,Phasellus sit amet erat.
Harper Wheater,Integer ac neque.
Daryn Harwood,"Proin leo odio, porttitor id, consequat in, consequat ut, nulla."
Janetta Asling,Pellentesque eget nunc.
Drusy Doale,Duis at velit eu est congue elementum.
Evangeline Niave,Duis consequat dui nec nisi volutpat eleifend.
Cinnamon Oppie,Pellentesque eget nunc.
Cecilla Oxtoby,Nam dui.
Tessie Devanney,Phasellus sit amet erat.
Othilie Goss,"In est risus, auctor sed, tristique in, tempus sit amet, sem."
Staford Drabble,"Nulla neque libero, convallis eget, eleifend luctus, ultricies eu, nibh."
Peder Stilling,Phasellus sit amet erat.
Gilberto Bromehed,Sed accumsan felis.
Shalna Mardee,Vestibulum sed magna at nunc commodo placerat.
Mandy Heckle,Duis at velit eu est congue elementum.
Dieter Fike,Nullam molestie nibh in lectus.
Danielle Lashford,Sed vel enim sit amet nunc viverra dapibus.
Chantal Osipenko,Nulla nisl.
Rhody Guwer,Pellentesque at nulla.
Babita Duffan,Duis ac nibh.
Alisun Shirer,Donec ut mauris eget massa tempor convallis.
Joan Zamorrano,"Lorem ipsum dolor sit amet, consectetuer adipiscing elit."
Titus Buey,Aliquam quis turpis eget elit sodales scelerisque.
Murdoch Malmar,Nullam varius.
Oralie Dreinan,Maecenas rhoncus aliquam lacus.
Den Livingstone,Nullam varius.
Glynnis Kibbee,Quisque porta volutpat erat.
Anselm Courcey,"In tempor, turpis nec euismod scelerisque, quam turpis adipiscing lorem, vitae mattis nibh ligula nec sem."
Teodora Schoolfield,Vestibulum ante ipsum primis in faucibus orci luctus et ultrices posuere cubilia Curae; Duis faucibus accumsan odio.
Haskell Harsum,Donec quis orci eget orci vehicula condimentum.
Matelda Clamp,Fusce posuere felis sed lacus.
Cathie Ivakhnov,Mauris lacinia sapien quis libero.
Casper Seeks,Nulla tellus.
Sioux Empson,"Vestibulum ante ipsum primis in faucibus orci luctus et ultrices posuere cubilia Curae; Donec pharetra, magna vestibulum aliquet ultrices, erat tortor sollicitudin mi, sit amet lobortis sapien sapien non mi."
Jessie Tomblings,Mauris ullamcorper purus sit amet nulla.
Juliet Swaine,Vivamus vestibulum sagittis sapien.
Hyacinthia Flewan,Nulla ut erat id mauris vulputate elementum.
Brittne Mollett,Pellentesque eget nunc.
Mose Danilovich,"Morbi sem mauris, laoreet ut, rhoncus aliquet, pulvinar sed, nisl."
Kimberli Fryer,Nulla tempus.
Nicolea Brammar,Quisque porta volutpat erat.
Taite Couvert,Sed ante.
Becky Stonuary,In hac habitasse platea dictumst.
Bobina Raye,Nullam porttitor lacus at turpis.
Glynnis O'Devey,Nullam sit amet turpis elementum ligula vehicula consequat.
Gauthier Livett,"Morbi odio odio, elementum eu, interdum eu, tincidunt in, leo."
Eugenius Hamprecht,Integer tincidunt ante vel ipsum.
Conrad Slisby,Nunc nisl.
Stacee Teresi,Cras pellentesque volutpat dui.
Joan Kingsford,Aenean sit amet justo.
Tony Divis,Praesent blandit lacinia erat.
Lindon Spittles,Nullam varius.
Diego Wiffler,Pellentesque eget nunc.
Gale Faich,"Integer pede justo, lacinia eget, tincidunt eget, tempus vel, pede."
Hephzibah Alliot,Nunc purus.
Torrence Belhomme,Donec ut dolor.
Ervin Gibbie,Nullam molestie nibh in lectus.
Joella Milnes,Aenean fermentum.
Fred Beadles,"Fusce lacus purus, aliquet at, feugiat non, pretium quis, lectus."
Vallie Gavrielli,Ut at dolor quis odio consequat varius.
Kai Tomasi,Nulla suscipit ligula in lacus.
Elinore Woofinden,In quis justo.
Florina Burwin,Vestibulum ac est lacinia nisi venenatis tristique.
Gaven Reynold,Nulla nisl.
Dyana Fyfe,"Quisque erat eros, viverra eget, congue eget, semper rutrum, nulla."
Lory Swiers,Nunc purus.
Sonny Cory,Morbi non lectus.
Minta Sampey,"Nulla neque libero, convallis eget, eleifend luctus, ultricies eu, nibh."
Ludovika Asling,Donec posuere metus vitae ipsum.
York Shearman,Maecenas tincidunt lacus at velit.
Aylmer Meany,Vivamus vel nulla eget eros elementum pellentesque.
Glennie Bryett,Donec quis orci eget orci vehicula condimentum.
Helena Filkin,Nulla facilisi.
Curr McKeran,Aliquam quis turpis eget elit sodales scelerisque.
Archambault Rubica,Mauris sit amet eros.
Alexei Dalla,Aenean fermentum.
Karrie Storey,Vivamus vel nulla eget eros elementum pellentesque.
Irena Byne,Duis aliquam convallis nunc.
Annalise Cramer,"Donec diam neque, vestibulum eget, vulputate ut, ultrices vel, augue."
Mercy Hamsson,Vivamus vel nulla eget eros elementum pellentesque.
Rem Ripper,"Vestibulum ante ipsum primis in faucibus orci luctus et ultrices posuere cubilia Curae; Donec pharetra, magna vestibulum aliquet ultrices, erat tortor sollicitudin mi, sit amet lobortis sapien sapien non mi."
Fitz Delieu,In blandit ultrices enim.
Allis Goschalk,Aliquam non mauris.
Bond Lieb,Sed ante.
Annalee Swaine,Morbi ut odio.
Bill Danielovitch,Aenean sit amet justo.
Selene Bartolomeotti,In eleifend quam a odio.
Lucinda Dunklee,"Nam ultrices, libero non mattis pulvinar, nulla pede ullamcorper augue, a suscipit nulla elit ac nulla."
Felice Bewlie,Duis bibendum.
Adrianna Gauler,Nulla ac enim.
Dill Maunsell,"Proin leo odio, porttitor id, consequat in, consequat ut, nulla."
Patsy Mitchelhill,"Integer aliquet, massa id lobortis convallis, tortor risus dapibus augue, vel accumsan tellus nisi eu orci."
Joshia Clipston,In congue.
Alexandr Alliott,Integer ac leo.
Sidnee Clayfield,Vestibulum sed magna at nunc commodo placerat.
Charin Adlam,Duis aliquam convallis nunc.
Llywellyn Ramos,Vestibulum ac est lacinia nisi venenatis tristique.
Emmi Hubberstey,Proin interdum mauris non ligula pellentesque ultrices.
Keen Cromarty,Morbi quis tortor id nulla ultrices aliquet.
Ron Wawer,Etiam vel augue.
Jo-ann Bucknall,Sed ante.
Farrah Schwandt,"Quisque arcu libero, rutrum ac, lobortis vel, dapibus at, diam."
Linzy Glewe,Integer ac neque.
Andras Danneil,"Lorem ipsum dolor sit amet, consectetuer adipiscing elit."
Laurella Gooden,Praesent id massa id nisl venenatis lacinia.
Merissa Wais,Cras in purus eu magna vulputate luctus.
Tyler Davydochkin,Vivamus tortor.
Joelly Ashbrook,Mauris lacinia sapien quis libero.
Sharon Ielden,"Mauris enim leo, rhoncus sed, vestibulum sit amet, cursus id, turpis."
Jillie Hodgin,In hac habitasse platea dictumst.
Findley Goakes,Nulla mollis molestie lorem.
Kassi Hayden,Nulla tellus.
Nerty Gover,Aliquam erat volutpat.
Ode Benion,Curabitur at ipsum ac tellus semper interdum.
Delphinia Patek,Proin at turpis a pede posuere nonummy.
Viva Larham,Ut at dolor quis odio consequat varius.
Siouxie Careswell,"In est risus, auctor sed, tristique in, tempus sit amet, sem."
Sonya Sherborn,"Fusce congue, diam id ornare imperdiet, sapien urna pretium nisl, ut volutpat sapien arcu sed augue."
Hulda Plesing,Maecenas ut massa quis augue luctus tincidunt.
Aili Boseley,"Donec diam neque, vestibulum eget, vulputate ut, ultrices vel, augue."
Britte Horley,In congue.
Marthe Batte,"Cras mi pede, malesuada in, imperdiet et, commodo vulputate, justo."
Salome Senter,Pellentesque at nulla.
Wilma Ludwig,"Morbi sem mauris, laoreet ut, rhoncus aliquet, pulvinar sed, nisl."
Raynor Drewes,Suspendisse ornare consequat lectus.
Gracie Bavester,Aliquam quis turpis eget elit sodales scelerisque.
Nichol Pinder,Praesent blandit.
Rodrique Emmot,"Donec diam neque, vestibulum eget, vulputate ut, ultrices vel, augue."
Michaella Bonus,"Vestibulum quam sapien, varius ut, blandit non, interdum in, ante."
Sidney Guite,Integer ac leo.
Chev Beal,Proin risus.
Anneliese Warrington,Pellentesque viverra pede ac diam.
Emmanuel Beauman,Curabitur gravida nisi at nibh.
Josefa Buntin,Morbi porttitor lorem id ligula.
Saree Ferns,Morbi a ipsum.
Sonya Senner,Donec posuere metus vitae ipsum.
Dulci Branscombe,Nulla ac enim.
Minette Whiley,Duis ac nibh.
Vernen Jeffcoat,Suspendisse accumsan tortor quis turpis.
Jackelyn Biggans,Donec ut dolor.
Darsey MacKowle,Pellentesque eget nunc.
Billye Doeg,Nunc nisl.
Rivy Thebe,Phasellus in felis.
Chandra Licas,In quis justo.
Charlie Twoohy,Integer ac leo.
Brande Garlinge,Nulla ac enim.
Kermit Kingswood,Vestibulum ac est lacinia nisi venenatis tristique.
Meriel Scargill,"Cras mi pede, malesuada in, imperdiet et, commodo vulputate, justo."
Rockey Bartolini,"Nam congue, risus semper porta volutpat, quam pede lobortis ligula, sit amet eleifend pede libero quis orci."
Claudell Baraclough,Vestibulum rutrum rutrum neque.
Marnie Adshead,Nullam sit amet turpis elementum ligula vehicula consequat.
Lolita Venners,Donec quis orci eget orci vehicula condimentum.
Dorthea Belvin,Nulla suscipit ligula in lacus.
Caroljean Jossel,Curabitur convallis.
Gustavo Pettigrew,"Cras mi pede, malesuada in, imperdiet et, commodo vulputate, justo."
Alyda Regler,Nulla ac enim.
Jeddy Whyard,Suspendisse potenti.
Rolfe Wolstencroft,Maecenas tincidunt lacus at velit.
Hettie Gunny,"Cum sociis natoque penatibus et magnis dis parturient montes, nascetur ridiculus mus."
Ardenia Jurewicz,In quis justo.
Ranique Bessom,Vivamus in felis eu sapien cursus vestibulum.
Cad Brim,Curabitur in libero ut massa volutpat convallis.
Marylin Simmons,Pellentesque viverra pede ac diam.
Joseph Aberkirdo,In hac habitasse platea dictumst.
Stanwood Chomicz,Praesent blandit lacinia erat.
Maritsa Jeenes,Proin at turpis a pede posuere nonummy.
Kizzie Jeaneau,"Aliquam augue quam, sollicitudin vitae, consectetuer eget, rutrum at, lorem."
Gonzalo Patrono,Aliquam sit amet diam in magna bibendum imperdiet.
Cobby Flemmich,Praesent lectus.
Chancey Loveless,Nulla tellus.
Celestyn Cuddehy,Integer ac leo.
Rudolph Linnitt,Donec ut dolor.
Stan McVicar,Donec vitae nisi.
Cookie McCarly,Duis at velit eu est congue elementum.
Dorisa Mintrim,"Maecenas tristique, est et tempus semper, est quam pharetra magna, ac consequat metus sapien ut nunc."
Elisabet Laxston,"Donec odio justo, sollicitudin ut, suscipit a, feugiat et, eros."
Nada Deplacido,"In tempor, turpis nec euismod scelerisque, quam turpis adipiscing lorem, vitae mattis nibh ligula nec sem."
Fiann Lannin,Nulla tempus.
Guglielmo Gagan,Donec quis orci eget orci vehicula condimentum.
Porty Slingsby,Fusce posuere felis sed lacus.
Marilyn Petrello,Integer tincidunt ante vel ipsum.
Vivian Hares,"Morbi odio odio, elementum eu, interdum eu, tincidunt in, leo."
Abel Jeschner,"Nulla neque libero, convallis eget, eleifend luctus, ultricies eu, nibh."
Alicia Fegan,Praesent id massa id nisl venenatis lacinia.
Bat Blooman,Nullam sit amet turpis elementum ligula vehicula consequat.
Felike Braunds,Aliquam non mauris.
Ealasaid Dever,Donec vitae nisi.
Terrye Pepperd,"Vivamus metus arcu, adipiscing molestie, hendrerit at, vulputate vitae, nisl."
Gaylor Slopier,Phasellus sit amet erat.
Cordy Corr,Aliquam sit amet diam in magna bibendum imperdiet.
Noemi Bergin,Nulla facilisi.
Towny Vallis,In hac habitasse platea dictumst.
Reinaldo Shevelin,Vestibulum sed magna at nunc commodo placerat.
Magdalen Colleran,"Cum sociis natoque penatibus et magnis dis parturient montes, nascetur ridiculus mus."
Sianna Avrahamian,Morbi quis tortor id nulla ultrices aliquet.
Kriste Frissell,Sed ante.
Elliot Gruby,Curabitur in libero ut massa volutpat convallis.
Bjorn Bilfoot,Phasellus id sapien in sapien iaculis congue.
Christabella Chaplin,Donec ut dolor.
Franny Frantzen,Mauris sit amet eros.
Tailor Paolacci,Vestibulum ante ipsum primis in faucibus orci luctus et ultrices posuere cubilia Curae; Duis faucibus accumsan odio.
Silvie Falcus,"Donec diam neque, vestibulum eget, vulputate ut, ultrices vel, augue."
Konstantin Sheerin,"Integer aliquet, massa id lobortis convallis, tortor risus dapibus augue, vel accumsan tellus nisi eu orci."
Fleming McQuaker,"Donec odio justo, sollicitudin ut, suscipit a, feugiat et, eros."
Joshua Belf,Morbi non quam nec dui luctus rutrum.
Adoree Morrish,Morbi a ipsum.
Waly Sinyard,"Vestibulum ante ipsum primis in faucibus orci luctus et ultrices posuere cubilia Curae; Donec pharetra, magna vestibulum aliquet ultrices, erat tortor sollicitudin mi, sit amet lobortis sapien sapien non mi."
Beckie Brilleman,Sed sagittis.
Jacques Pogg,Donec quis orci eget orci vehicula condimentum.
Dave Bleacher,Sed ante.
Tiebout Baggs,Duis consequat dui nec nisi volutpat eleifend.
Minnnie Paulitschke,Vestibulum ante ipsum primis in faucibus orci luctus et ultrices posuere cubilia Curae; Duis faucibus accumsan odio.
Binky Millthorpe,"Lorem ipsum dolor sit amet, consectetuer adipiscing elit."
Allyce Manwell,"Quisque erat eros, viverra eget, congue eget, semper rutrum, nulla."
Berri Bevis,In sagittis dui vel nisl.
Archy Mance,Maecenas tincidunt lacus at velit.
Gracie Tissell,Morbi non lectus.
Silvie McCree,Donec ut dolor.
Sibel Ebbins,Praesent blandit.
Hiram Baldrick,Nullam porttitor lacus at turpis.
Bernelle Agdahl,In quis justo.
Sigfried Badder,Donec quis orci eget orci vehicula condimentum.
Una Extance,"In tempor, turpis nec euismod scelerisque, quam turpis adipiscing lorem, vitae mattis nibh ligula nec sem."
Glenine Bettesworth,Nulla justo.
Aubert Dudding,Nulla tellus.
Claudell Sanney,Etiam justo.
Tammara Walster,Vestibulum ante ipsum primis in faucibus orci luctus et ultrices posuere cubilia Curae; Nulla dapibus dolor vel est.
Meaghan Sebastian,Nullam porttitor lacus at turpis.
Maynord Edwin,Praesent blandit.
Gerick Gilmartin,"In est risus, auctor sed, tristique in, tempus sit amet, sem."
Laurette Poulett,Nunc rhoncus dui vel sem.
Mureil Lindemann,Praesent blandit lacinia erat.
Yves Ferencz,Curabitur gravida nisi at nibh.
Madeleine Stewartson,Nullam varius.
Leia Sharples,Aenean lectus.
Camella Humby,Morbi porttitor lorem id ligula.
Katleen Rockey,Praesent blandit lacinia erat.
Brianna Kynan,Etiam pretium iaculis justo.
Clair Bechley,Aliquam non mauris.
Zelda Garner,Nulla suscipit ligula in lacus.
Brandy Swanger,"Vestibulum ante ipsum primis in faucibus orci luctus et ultrices posuere cubilia Curae; Donec pharetra, magna vestibulum aliquet ultrices, erat tortor sollicitudin mi, sit amet lobortis sapien sapien non mi."
Leyla Tooth,Integer non velit.
Curcio Fresson,Aenean fermentum.
Emlyn Hudspith,Proin risus.
Mona Habberjam,Vestibulum sed magna at nunc commodo placerat.
Aindrea Lorne,Duis at velit eu est congue elementum.
Robby Roussel,"Morbi odio odio, elementum eu, interdum eu, tincidunt in, leo."
Janaya Gillean,Nulla ac enim.
Christiano Dowzell,Aenean lectus.
Chip Hamby,In congue.
Preston Heck,Integer ac leo.
Harmony Lowdeane,Maecenas rhoncus aliquam lacus.
Sylvan Calyton,Curabitur gravida nisi at nibh.
Kial Sothcott,Proin at turpis a pede posuere nonummy.
Amalita Holdren,Nulla ac enim.
Carol Gauson,Proin at turpis a pede posuere nonummy.
Mariam Banfill,Vestibulum sed magna at nunc commodo placerat.
Bronny Walkden,Nam dui.
Duff Seaborne,Duis consequat dui nec nisi volutpat eleifend.
Rhys McSherry,Integer ac neque.
Bethina O'Fearguise,Nam nulla.
Lalo Poulett,Maecenas pulvinar lobortis est.
Rainer Di Giacomettino,Quisque porta volutpat erat.
Colby McKevany,Quisque ut erat.
Jacqueline Pellett,"Cras mi pede, malesuada in, imperdiet et, commodo vulputate, justo."
Heddi Corns,"Lorem ipsum dolor sit amet, consectetuer adipiscing elit."
Reed Rickcord,Morbi vel lectus in quam fringilla rhoncus.
Ivett Pellamonuten,Aenean sit amet justo.
Nessie Bourhill,Vivamus in felis eu sapien cursus vestibulum.
Aida Spenton,"Nulla neque libero, convallis eget, eleifend luctus, ultricies eu, nibh."
Anallese Luparto,Sed sagittis.
Oswell Hillen,"Proin leo odio, porttitor id, consequat in, consequat ut, nulla."
Wilek Giannoni,Vestibulum sed magna at nunc commodo placerat.
Jeannette Rapier,"Fusce lacus purus, aliquet at, feugiat non, pretium quis, lectus."
Della Lukas,Duis ac nibh.
Micheil Station,Morbi ut odio.
Stevy Bonnick,Praesent blandit.
Brod Neames,"Morbi sem mauris, laoreet ut, rhoncus aliquet, pulvinar sed, nisl."
Dahlia Jacketts,Etiam pretium iaculis justo.
Nevins Prendeville,"Nulla neque libero, convallis eget, eleifend luctus, ultricies eu, nibh."
Ricca Cove,"Donec odio justo, sollicitudin ut, suscipit a, feugiat et, eros."
Barbabas Bagg,"Morbi odio odio, elementum eu, interdum eu, tincidunt in, leo."
Yves Brown,Donec posuere metus vitae ipsum.
Guinevere Kobu,"Vestibulum quam sapien, varius ut, blandit non, interdum in, ante."
Hollie Bedward,Pellentesque viverra pede ac diam.
Natalya Hubeaux,Suspendisse ornare consequat lectus.
Margaret Warkup,Aliquam quis turpis eget elit sodales scelerisque.
Land Blanchet,Duis at velit eu est congue elementum.
Kyle Hinrichsen,Maecenas pulvinar lobortis est.
Fairfax Roskelley,Aenean fermentum.
Jeannette Gomme,Vestibulum rutrum rutrum neque.
Gray Jamblin,"Vestibulum ante ipsum primis in faucibus orci luctus et ultrices posuere cubilia Curae; Donec pharetra, magna vestibulum aliquet ultrices, erat tortor sollicitudin mi, sit amet lobortis sapien sapien non mi."
Baron Benez,In hac habitasse platea dictumst.
Gian Taylot,Praesent lectus.
Terra Rosander,Aenean lectus.
Dukie Sporle,Cras pellentesque volutpat dui.
Allayne Fergie,Donec ut mauris eget massa tempor convallis.
Sal Barnhart,Nullam molestie nibh in lectus.
Clary Menis,Aliquam sit amet diam in magna bibendum imperdiet.
Sonny Bartoli,Nulla facilisi.
Guglielmo Stanier,Praesent blandit.
Mollie Kingscott,Pellentesque ultrices mattis odio.
Pierette Lindenbluth,"Fusce congue, diam id ornare imperdiet, sapien urna pretium nisl, ut volutpat sapien arcu sed augue."
Rustin Alpin,Cras pellentesque volutpat dui.
Kendre Antonoczyk,Nulla mollis molestie lorem.
Reinaldos Naismith,Etiam faucibus cursus urna.
Arri Petyt,"Morbi odio odio, elementum eu, interdum eu, tincidunt in, leo."
Raleigh Laba,Etiam vel augue.
Oriana Rosenwasser,Vivamus vel nulla eget eros elementum pellentesque.
Shelbi Donn,Morbi porttitor lorem id ligula.
Leland Priestley,In hac habitasse platea dictumst.
Kiley Toffolo,Maecenas tincidunt lacus at velit.
Carrol Chadburn,Proin at turpis a pede posuere nonummy.
Ferdinande Road,Integer a nibh.
Winifield Colt,Morbi vel lectus in quam fringilla rhoncus.
Bruce Wallbank,Aenean lectus.
Derrik Davydoch,Aenean fermentum.
Jarred Lyptrit,Morbi a ipsum.
Griz Breakspear,Nam dui.
Ryan Churn,"Quisque erat eros, viverra eget, congue eget, semper rutrum, nulla."
Hagen Tredget,"In est risus, auctor sed, tristique in, tempus sit amet, sem."
Dorrie Lammenga,Etiam vel augue.
Steven Claffey,"Cras mi pede, malesuada in, imperdiet et, commodo vulputate, justo."
Dorette Glencrosche,Nulla ut erat id mauris vulputate elementum.
Bonnee Matyushkin,In hac habitasse platea dictumst.
Nealy Schuchmacher,Quisque id justo sit amet sapien dignissim vestibulum.
Lacee Tinsey,Vestibulum rutrum rutrum neque.
Peggie Cowsby,Maecenas pulvinar lobortis est.
Nixie Gerckens,"Proin leo odio, porttitor id, consequat in, consequat ut, nulla."
Galven MacConnel,Suspendisse potenti.
Devi Althorp,Integer ac leo.
Gordon Cradey,Cras pellentesque volutpat dui.
Tonnie Gainseford,"Cras mi pede, malesuada in, imperdiet et, commodo vulputate, justo."
Veronike Denziloe,Nulla mollis molestie lorem.
Felix Darragon,Nulla ac enim.
Lucine Klamp,Nulla justo.
Tim Geroldi,Morbi non quam nec dui luctus rutrum.
Shem Semrad,Suspendisse potenti.
Nester Kas,Duis bibendum.
Annaliese Coronas,Praesent id massa id nisl venenatis lacinia.
Janos Patching,Sed accumsan felis.
Mattheus Antonomoli,"Nulla neque libero, convallis eget, eleifend luctus, ultricies eu, nibh."
Trumann Stivey,Ut at dolor quis odio consequat varius.
Urson Jeffcoate,Vestibulum ac est lacinia nisi venenatis tristique.
Goddart Turvey,Donec dapibus.
Annette Potts,Aenean auctor gravida sem.
Illa Gerrels,Etiam vel augue.
Fawn Cheesman,Vivamus vel nulla eget eros elementum pellentesque.
Andris Swatradge,In eleifend quam a odio.
Leeland Burdfield,Quisque id justo sit amet sapien dignissim vestibulum.
Mariska Eynaud,"Lorem ipsum dolor sit amet, consectetuer adipiscing elit."
Kasper Vivers,Nam nulla.
Eva Lamps,Phasellus sit amet erat.
Guido Bick,"Cum sociis natoque penatibus et magnis dis parturient montes, nascetur ridiculus mus."
Hetty Franck,"Integer pede justo, lacinia eget, tincidunt eget, tempus vel, pede."
Massimo Braunes,Vivamus vel nulla eget eros elementum pellentesque.
Hortense Mattusevich,"Aliquam augue quam, sollicitudin vitae, consectetuer eget, rutrum at, lorem."
Gladi Astlatt,Nullam porttitor lacus at turpis.
Amberly Laidler,"Donec diam neque, vestibulum eget, vulputate ut, ultrices vel, augue."
Susanna Foggo,Maecenas rhoncus aliquam lacus.
Francisco Creser,Integer a nibh.
Dionis Roels,Proin eu mi.
Kevina Bartrap,Donec dapibus.
Morten Imison,Duis mattis egestas metus.
Toinette Pearle,Proin at turpis a pede posuere nonummy.
Breena Bunclark,Nulla justo.
Gilemette Critoph,Vivamus tortor.
Tremaine Elward,Proin risus.
Anallise Chesney,Pellentesque ultrices mattis odio.
Merry Iscowitz,Donec posuere metus vitae ipsum.
Bern Ugolini,"Integer aliquet, massa id lobortis convallis, tortor risus dapibus augue, vel accumsan tellus nisi eu orci."
Faber Pittway,Nullam sit amet turpis elementum ligula vehicula consequat.
Xenos Dilleway,In eleifend quam a odio.
Wesley Muller,Aenean auctor gravida sem.
Curt Gimert,Phasellus sit amet erat.
Tamqrah Presslee,Aenean sit amet justo.
Ximenes Wellstood,Suspendisse potenti.
Philippe Renn,Ut at dolor quis odio consequat varius.
Deana Hillhouse,In sagittis dui vel nisl.
Ida Lamprecht,Duis bibendum.
Odilia Keppel,Cras non velit nec nisi vulputate nonummy.
Nevil McGookin,Quisque porta volutpat erat.
Wilhelmina Vedenisov,In hac habitasse platea dictumst.
Dante Beeby,Donec posuere metus vitae ipsum.
Norah Grishmanov,Donec ut dolor.
Fawne Jura,Proin at turpis a pede posuere nonummy.
Courtenay Radeliffe,"Maecenas tristique, est et tempus semper, est quam pharetra magna, ac consequat metus sapien ut nunc."
Leesa Scrowby,"Vivamus metus arcu, adipiscing molestie, hendrerit at, vulputate vitae, nisl."
Jules O'Criane,"Donec diam neque, vestibulum eget, vulputate ut, ultrices vel, augue."
Lorilyn Scholefield,Aenean lectus.
Blythe Budd,Cras in purus eu magna vulputate luctus.
Christos Darnbrough,"Fusce congue, diam id ornare imperdiet, sapien urna pretium nisl, ut volutpat sapien arcu sed augue."
Giustino Sempill,Nulla tellus.
Ximenez Jurs,Integer non velit.
Matias Gridon,Etiam justo.
Nikoletta Klyn,Cras in purus eu magna vulputate luctus.
Julieta Greave,Vivamus vel nulla eget eros elementum pellentesque.
Whitman Bohden,"Nullam orci pede, venenatis non, sodales sed, tincidunt eu, felis."
Nicolette Dagnan,Nulla suscipit ligula in lacus.
Eddie Teece,Vivamus in felis eu sapien cursus vestibulum.
Gregoire Eddisforth,Phasellus in felis.
Ximenez Challenger,"In est risus, auctor sed, tristique in, tempus sit amet, sem."
Lammond Waber,Aenean sit amet justo.
Lyle Davage,Maecenas rhoncus aliquam lacus.
Maude Wadeling,Vestibulum ante ipsum primis in faucibus orci luctus et ultrices posuere cubilia Curae; Duis faucibus accumsan odio.
Fredi Yesinin,Donec ut mauris eget massa tempor convallis.
Felizio Tellenbrook,Aliquam quis turpis eget elit sodales scelerisque.
Carie Cuncliffe,Nunc rhoncus dui vel sem.
Leeland Hawtry,In blandit ultrices enim.
Jermain Arkill,Nullam sit amet turpis elementum ligula vehicula consequat.
Massimiliano Dovydenas,"Nam congue, risus semper porta volutpat, quam pede lobortis ligula, sit amet eleifend pede libero quis orci."
Sonni Yellowley,"Proin leo odio, porttitor id, consequat in, consequat ut, nulla."
Carolyn Stobbes,Nunc rhoncus dui vel sem.
Muffin Worvill,Duis aliquam convallis nunc.
Osbert Langthorne,Phasellus sit amet erat.
Joletta Figiovanni,Mauris ullamcorper purus sit amet nulla.
Loydie Everington,Nunc purus.
Christy Keam,Nulla ut erat id mauris vulputate elementum.
Robbyn McCathay,"Vestibulum quam sapien, varius ut, blandit non, interdum in, ante."
Romola Tarte,Integer non velit.
Laurens Strangward,Sed ante.
Yvon Berrane,Integer ac neque.
Angel Rogeron,"Nullam orci pede, venenatis non, sodales sed, tincidunt eu, felis."
Bruce Wilsdon,"Cras mi pede, malesuada in, imperdiet et, commodo vulputate, justo."
Bea Zammitt,"Duis bibendum, felis sed interdum venenatis, turpis enim blandit mi, in porttitor pede justo eu massa."
Tallulah Golsby,Vivamus vel nulla eget eros elementum pellentesque.
Francklin Pighills,Praesent blandit.
Ambrose Wearden,Nulla suscipit ligula in lacus.
Hally Guild,Aliquam quis turpis eget elit sodales scelerisque.
Christi Villalta,Phasellus sit amet erat.
Lucie Bankhurst,"Cum sociis natoque penatibus et magnis dis parturient montes, nascetur ridiculus mus."
Thorpe Sumption,Praesent id massa id nisl venenatis lacinia.
Chickie Stienham,"Donec diam neque, vestibulum eget, vulputate ut, ultrices vel, augue."
Winston Morphey,In hac habitasse platea dictumst.
Marcello Dickens,Morbi a ipsum.
Helsa Delnevo,"Donec diam neque, vestibulum eget, vulputate ut, ultrices vel, augue."
Almeta Allsopp,Quisque ut erat.
Livia Dany,Duis at velit eu est congue elementum.
Erie Rambaut,Etiam pretium iaculis justo.
Riley Little,Nulla tellus.
Orlando Haulkham,"Morbi sem mauris, laoreet ut, rhoncus aliquet, pulvinar sed, nisl."
Edy Newbegin,Proin interdum mauris non ligula pellentesque ultrices.
Edwina Idle,Morbi porttitor lorem id ligula.
Penelope Soares,Etiam faucibus cursus urna.
Ursa Morrel,Morbi non lectus.
Dolli De Courtney,Nulla tellus.
Danie Splevins,"Fusce congue, diam id ornare imperdiet, sapien urna pretium nisl, ut volutpat sapien arcu sed augue."
Catherina Fermor,"Lorem ipsum dolor sit amet, consectetuer adipiscing elit."
Gearalt Turmel,Cras in purus eu magna vulputate luctus.
Kaycee Urey,Proin interdum mauris non ligula pellentesque ultrices.
Edythe Brunskill,Etiam justo.
Jojo Crysell,In hac habitasse platea dictumst.
Tommie Blincoe,"Cum sociis natoque penatibus et magnis dis parturient montes, nascetur ridiculus mus."
Kayla McTear,Quisque id justo sit amet sapien dignissim vestibulum.
Mattias Popland,"Duis bibendum, felis sed interdum venenatis, turpis enim blandit mi, in porttitor pede justo eu massa."
Poppy Jendricke,Quisque porta volutpat erat.
Eward Bensusan,"In tempor, turpis nec euismod scelerisque, quam turpis adipiscing lorem, vitae mattis nibh ligula nec sem."
Edeline Andrysek,Duis bibendum.
Shoshana Seton,"Lorem ipsum dolor sit amet, consectetuer adipiscing elit."
Jeramie Skeen,Nullam sit amet turpis elementum ligula vehicula consequat.
Erika Smallacombe,Vestibulum sed magna at nunc commodo placerat.
Floria Shirrell,Duis ac nibh.
Jacquie Scholig,Proin interdum mauris non ligula pellentesque ultrices.
Iona Catterick,Nulla nisl.
Reg Newham,Maecenas pulvinar lobortis est.
Gray Britto,Duis consequat dui nec nisi volutpat eleifend.
Kristy Diemer,In quis justo.
Jasun Rycraft,Maecenas ut massa quis augue luctus tincidunt.
Jesse Le Noury,In blandit ultrices enim.
Codi Blei,Pellentesque at nulla.
Hermon Spurr,Duis mattis egestas metus.
Boot Lieber,"In est risus, auctor sed, tristique in, tempus sit amet, sem."
Malynda Fisby,Nulla tellus.
Hollie Heustice,"Proin leo odio, porttitor id, consequat in, consequat ut, nulla."
Jean Blissitt,"Donec odio justo, sollicitudin ut, suscipit a, feugiat et, eros."
Greer Fery,Vivamus vel nulla eget eros elementum pellentesque.
Meara Lissemore,"Quisque arcu libero, rutrum ac, lobortis vel, dapibus at, diam."
Herminia Gavrielli,"Vivamus metus arcu, adipiscing molestie, hendrerit at, vulputate vitae, nisl."
Courtenay Attarge,Nullam varius.
Thornie Lacasa,Sed accumsan felis.
Maximo Challace,Aenean auctor gravida sem.
Ulrika Tappington,"Nullam orci pede, venenatis non, sodales sed, tincidunt eu, felis."
Fonz Fowlestone,Etiam faucibus cursus urna.
Claudianus Roizn,Suspendisse potenti.
Abner Gabel,Morbi non lectus.
Kelly Tracey,"Quisque arcu libero, rutrum ac, lobortis vel, dapibus at, diam."
Lonnie Hatzar,Etiam faucibus cursus urna.
Hamlin Cordsen,Vestibulum rutrum rutrum neque.
Nona Kment,Maecenas rhoncus aliquam lacus.
Reinwald Macro,"Quisque arcu libero, rutrum ac, lobortis vel, dapibus at, diam."
Marlyn Schrir,In hac habitasse platea dictumst.
Kay Lockie,"Duis bibendum, felis sed interdum venenatis, turpis enim blandit mi, in porttitor pede justo eu massa."
Sibelle Dutt,Nam tristique tortor eu pede.
Fredek Houten,"Maecenas leo odio, condimentum id, luctus nec, molestie sed, justo."
Emlynn Huntress,"Quisque erat eros, viverra eget, congue eget, semper rutrum, nulla."
Karney Blaik,"Morbi vestibulum, velit id pretium iaculis, diam erat fermentum justo, nec condimentum neque sapien placerat ante."
Lilith Nisius,Duis at velit eu est congue elementum.
Jennee Verrills,Morbi porttitor lorem id ligula.
Alison Pusey,Phasellus id sapien in sapien iaculis congue.
Giorgi Agnew,Aliquam erat volutpat.
Letti Jaray,Maecenas tincidunt lacus at velit.
Illa Mullenger,Vestibulum rutrum rutrum neque.
Burton Gadesby,Donec semper sapien a libero.
Jewel Stollsteiner,Nulla facilisi.
Brande Doggrell,Praesent blandit.
Rochell Menichino,Aenean sit amet justo.
Braden Hawson,Proin risus.
Yule O'Neal,Suspendisse potenti.
Ladonna Jozefowicz,"Lorem ipsum dolor sit amet, consectetuer adipiscing elit."
Guthrie Letixier,Duis ac nibh.
Iorgos Fish,"Duis bibendum, felis sed interdum venenatis, turpis enim blandit mi, in porttitor pede justo eu massa."
Link Sunshine,Duis ac nibh.
Gusta Steele,In sagittis dui vel nisl.
Chandler Luca,"Vestibulum ante ipsum primis in faucibus orci luctus et ultrices posuere cubilia Curae; Donec pharetra, magna vestibulum aliquet ultrices, erat tortor sollicitudin mi, sit amet lobortis sapien sapien non mi."
Dorothy Steaning,In blandit ultrices enim.
Brennan Benoist,Ut at dolor quis odio consequat varius.
Venus Jack,Nullam molestie nibh in lectus.
Sammie Canedo,Duis consequat dui nec nisi volutpat eleifend.
Arliene Josiah,Maecenas rhoncus aliquam lacus.
Desmund Cockshoot,"In tempor, turpis nec euismod scelerisque, quam turpis adipiscing lorem, vitae mattis nibh ligula nec sem."
Berry Berthome,Donec semper sapien a libero.
Lucias O'Bradden,"Vivamus metus arcu, adipiscing molestie, hendrerit at, vulputate vitae, nisl."
Stace Peers,Duis mattis egestas metus.
Martynne Craister,Aenean lectus.
Arliene Oakland,Phasellus in felis.
Wang Airs,Nulla tellus.
Nathalie McEnhill,Curabitur convallis.
Vyky Jirak,In hac habitasse platea dictumst.
Darcey Staunton,Integer tincidunt ante vel ipsum.
Dame Vockins,Suspendisse potenti.
Thornie Warin,"Morbi sem mauris, laoreet ut, rhoncus aliquet, pulvinar sed, nisl."
Stefano Bodesson,Donec posuere metus vitae ipsum.
Marsh Parbrook,Proin risus.
Emery Molden,Maecenas ut massa quis augue luctus tincidunt.
Alissa Cleland,Aenean sit amet justo.
Guy Teresse,"Maecenas tristique, est et tempus semper, est quam pharetra magna, ac consequat metus sapien ut nunc."
Nissie Phillipps,Vestibulum ante ipsum primis in faucibus orci luctus et ultrices posuere cubilia Curae; Duis faucibus accumsan odio.
Arlene Biswell,Proin eu mi.
Lanie Ostridge,Morbi ut odio.
Phebe Joannic,Nunc purus.
Paige Pitcaithley,Nunc purus.
Adan Madsen,Suspendisse potenti.
Quintus Guillart,Nunc purus.
Orly Beefon,Duis mattis egestas metus.
Jeddy Moverley,Donec dapibus.
Valentijn Itzkov,"Maecenas leo odio, condimentum id, luctus nec, molestie sed, justo."
Chevy Hackney,Donec quis orci eget orci vehicula condimentum.
Kissie Loggie,Cras pellentesque volutpat dui.
Alisa Egre,Vestibulum ante ipsum primis in faucibus orci luctus et ultrices posuere cubilia Curae; Duis faucibus accumsan odio.
Riobard Giannotti,"Maecenas leo odio, condimentum id, luctus nec, molestie sed, justo."
Mellicent Odd,Pellentesque viverra pede ac diam.
Sayres Hearnden,Aliquam non mauris.
Patricio Kingett,In hac habitasse platea dictumst.
Asia Sheer,Donec semper sapien a libero.
Laurianne Janas,"Lorem ipsum dolor sit amet, consectetuer adipiscing elit."
Whit Stevens,"Cum sociis natoque penatibus et magnis dis parturient montes, nascetur ridiculus mus."
Madelon Hupka,Ut tellus.
Bidget Verissimo,"In tempor, turpis nec euismod scelerisque, quam turpis adipiscing lorem, vitae mattis nibh ligula nec sem."
Petey Kenen,Donec ut dolor.
Loreen Flori,Nam nulla.
Edeline MacFarlan,"Proin leo odio, porttitor id, consequat in, consequat ut, nulla."
Nellie Benoey,"Donec diam neque, vestibulum eget, vulputate ut, ultrices vel, augue."
Patricio Sedman,"Morbi vestibulum, velit id pretium iaculis, diam erat fermentum justo, nec condimentum neque sapien placerat ante."
Aldridge Longstreeth,Quisque porta volutpat erat.
Hilly Constantine,Maecenas ut massa quis augue luctus tincidunt.
Arv Huitt,Nulla ut erat id mauris vulputate elementum.
Yasmeen Foan,Pellentesque viverra pede ac diam.
Margalo Americi,Nulla justo.
Fancie Benediktovich,Etiam faucibus cursus urna.
Sara-ann Flukes,In hac habitasse platea dictumst.
Mag Critchlow,Nulla tempus.
Madonna Brunn,"Nam ultrices, libero non mattis pulvinar, nulla pede ullamcorper augue, a suscipit nulla elit ac nulla."
Dan Leggat,Quisque ut erat.
Derrik Saddleton,Nullam varius.
Tally Foran,Curabitur convallis.
Andriana Huxstep,Morbi quis tortor id nulla ultrices aliquet.
Mozelle Leak,In blandit ultrices enim.
Chic Tyrrell,Maecenas ut massa quis augue luctus tincidunt.
Culver Thewles,Vestibulum ante ipsum primis in faucibus orci luctus et ultrices posuere cubilia Curae; Mauris viverra diam vitae quam.
Herrick Caw,Nullam varius.
Aimil Mosen,"Nam ultrices, libero non mattis pulvinar, nulla pede ullamcorper augue, a suscipit nulla elit ac nulla."
Mozelle Eschelle,In hac habitasse platea dictumst.
Donielle Scroggins,"Vivamus metus arcu, adipiscing molestie, hendrerit at, vulputate vitae, nisl."
Rocky Domney,"Morbi vestibulum, velit id pretium iaculis, diam erat fermentum justo, nec condimentum neque sapien placerat ante."
Aurilia Davidsson,Aliquam quis turpis eget elit sodales scelerisque.
Stephanie Baggott,Quisque ut erat.
Jane Meeking,Nulla ut erat id mauris vulputate elementum.
Courtney FitzGibbon,Praesent lectus.
Bald Ditter,Integer non velit.
Goober Mager,"Cum sociis natoque penatibus et magnis dis parturient montes, nascetur ridiculus mus."
Gerick Anlay,"Donec diam neque, vestibulum eget, vulputate ut, ultrices vel, augue."
Stefan Sotheron,Nam nulla.
Whitby Seivertsen,In hac habitasse platea dictumst.
Trumaine Rosin,Aenean lectus.
Robin Hoogendorp,Aliquam erat volutpat.
Brandie Bloss,Curabitur at ipsum ac tellus semper interdum.
Rickard Lody,Proin risus.
Vidovic Tiron,Donec ut dolor.
Minda Fishenden,Duis mattis egestas metus.
Giorgia Crab,Donec posuere metus vitae ipsum.
Graig Ricold,Nullam porttitor lacus at turpis.
Ian Soutter,Curabitur in libero ut massa volutpat convallis.
Glenden Mollison,Vestibulum ac est lacinia nisi venenatis tristique.
Ced Threader,Aenean fermentum.
Toddy Cabena,"Integer aliquet, massa id lobortis convallis, tortor risus dapibus augue, vel accumsan tellus nisi eu orci."
Justus Gogin,"Vivamus metus arcu, adipiscing molestie, hendrerit at, vulputate vitae, nisl."
Corney Godden,Nulla ac enim.
Siusan Ovitz,Nullam porttitor lacus at turpis.
Vick Sparey,Duis bibendum.
Sada Cockshut,"Integer aliquet, massa id lobortis convallis, tortor risus dapibus augue, vel accumsan tellus nisi eu orci."
Lanita McNicol,Nunc rhoncus dui vel sem.
Monah Suggey,Duis aliquam convallis nunc.
Batsheva Gudger,Pellentesque viverra pede ac diam.
Gertrudis Pover,Nulla justo.
Domingo Hellin,Fusce consequat.
Gisella Probert,"Vivamus metus arcu, adipiscing molestie, hendrerit at, vulputate vitae, nisl."
Yoko Siebart,Aliquam quis turpis eget elit sodales scelerisque.
Wileen Shickle,Praesent lectus.
Phedra Halward,Nulla mollis molestie lorem.
Osborn Norkutt,Nullam sit amet turpis elementum ligula vehicula consequat.
Ronny Splevings,Maecenas rhoncus aliquam lacus.
Cristian Rablen,Donec ut dolor.
Britte Bauchop,Phasellus id sapien in sapien iaculis congue.
Carlen Donnell,Quisque ut erat.
Opalina Lacroutz,Mauris lacinia sapien quis libero.
Adrian Birrell,"Vivamus metus arcu, adipiscing molestie, hendrerit at, vulputate vitae, nisl."
Patty Barthelmes,Duis bibendum.
Rosamond Deam,Donec ut mauris eget massa tempor convallis.
Glenine Jayume,Curabitur at ipsum ac tellus semper interdum.
Vachel Sparke,Sed accumsan felis.
Nichol Lamb,Fusce posuere felis sed lacus.
Elsinore Roskams,Vivamus vel nulla eget eros elementum pellentesque.
Huntlee Handke,Pellentesque ultrices mattis odio.
Standford Ogbourne,Aenean lectus.
Robers Davley,Fusce consequat.
Tom Hemms,Vestibulum ante ipsum primis in faucibus orci luctus et ultrices posuere cubilia Curae; Nulla dapibus dolor vel est.
Philbert Armstead,"Donec odio justo, sollicitudin ut, suscipit a, feugiat et, eros."
Sonnie Arden,Phasellus id sapien in sapien iaculis congue.
Tiertza Beneteau,Sed ante.
Lewes Fynan,Donec ut dolor.
Norah Sooper,Maecenas ut massa quis augue luctus tincidunt.
Tome Lucchi,Quisque id justo sit amet sapien dignissim vestibulum.
Genovera Astman,Vestibulum ante ipsum primis in faucibus orci luctus et ultrices posuere cubilia Curae; Mauris viverra diam vitae quam.
Aurora Leap,Aliquam erat volutpat.
Alvin Oriel,"In tempor, turpis nec euismod scelerisque, quam turpis adipiscing lorem, vitae mattis nibh ligula nec sem."
Jacquelynn Hawtin,Etiam justo.
Vita Gawthrop,Nullam sit amet turpis elementum ligula vehicula consequat.
Berkly Dornan,Integer non velit.
Netti Moult,Nunc nisl.
Saraann Muggleton,Cras non velit nec nisi vulputate nonummy.
Teresita Abrehart,Proin interdum mauris non ligula pellentesque ultrices.
Fleurette Koppes,Quisque id justo sit amet sapien dignissim vestibulum.
Sonya Howel,Proin at turpis a pede posuere nonummy.
Cory Barabich,Maecenas rhoncus aliquam lacus.
Louis Asee,Etiam pretium iaculis justo.
Jeremy Dorling,Morbi quis tortor id nulla ultrices aliquet.
Miller Macartney,Morbi non quam nec dui luctus rutrum.
Roana Tassell,Morbi quis tortor id nulla ultrices aliquet.
Hermon Pratte,Nulla nisl.
Rafe Crome,Aliquam non mauris.
Eward Dahlgren,Mauris ullamcorper purus sit amet nulla.
Portie O'Cahey,Suspendisse potenti.
Anita Ravenscroft,Proin eu mi.
Rozele Giraudoux,"Morbi odio odio, elementum eu, interdum eu, tincidunt in, leo."
Gisella Artist,"Aliquam augue quam, sollicitudin vitae, consectetuer eget, rutrum at, lorem."
Vivienne Tribble,Nulla suscipit ligula in lacus.
Dotti Eck,Nunc nisl.
Kameko Prisley,"In tempor, turpis nec euismod scelerisque, quam turpis adipiscing lorem, vitae mattis nibh ligula nec sem."
Huberto Paridge,Curabitur at ipsum ac tellus semper interdum.
Penelopa Talboy,Praesent blandit.
Ansell Fearfull,Donec posuere metus vitae ipsum.
Franciskus Windas,Sed ante.
Ofilia Lazer,Quisque porta volutpat erat.
Manuel Sliman,Integer ac neque.
Deeyn Foulcher,"Aliquam augue quam, sollicitudin vitae, consectetuer eget, rutrum at, lorem."
Merci Blondin,"Donec odio justo, sollicitudin ut, suscipit a, feugiat et, eros."
Erasmus Lake,"Aliquam augue quam, sollicitudin vitae, consectetuer eget, rutrum at, lorem."
Lanae Dargue,Vivamus in felis eu sapien cursus vestibulum.
Hiram Eltun,In congue.
Gertruda Grangier,Vivamus in felis eu sapien cursus vestibulum.
Devin Foster,"In est risus, auctor sed, tristique in, tempus sit amet, sem."
Griffie Skitral,Vivamus vel nulla eget eros elementum pellentesque.
Shawn Shuker,Nunc purus.
Danita Barehead,"Nullam orci pede, venenatis non, sodales sed, tincidunt eu, felis."
Parry Kemm,Vestibulum ante ipsum primis in faucibus orci luctus et ultrices posuere cubilia Curae; Mauris viverra diam vitae quam.
Timoteo Toe,In hac habitasse platea dictumst.
Walt Iacomini,"Integer aliquet, massa id lobortis convallis, tortor risus dapibus augue, vel accumsan tellus nisi eu orci."
Derward Hughf,Suspendisse ornare consequat lectus.
Maurits Gillbe,Aliquam sit amet diam in magna bibendum imperdiet.
Tamiko De la Harpe,Pellentesque ultrices mattis odio.
Alexia Gorler,Phasellus id sapien in sapien iaculis congue.
Alexis Bockett,Duis mattis egestas metus.
Sula Denson,Donec posuere metus vitae ipsum.
Marget Harman,Etiam faucibus cursus urna.
Maximo Paoletto,"Quisque erat eros, viverra eget, congue eget, semper rutrum, nulla."
Rolland Farleigh,Vivamus vestibulum sagittis sapien.
Mozes Doumer,Pellentesque at nulla.
Richardo Heyburn,Maecenas pulvinar lobortis est.
Mirabel Dohmer,Nullam molestie nibh in lectus.
Nance Odeson,Curabitur at ipsum ac tellus semper interdum.
Lambert Copperwaite,Proin interdum mauris non ligula pellentesque ultrices.
Millie Moston,Pellentesque viverra pede ac diam.
Barnett Bettlestone,Nam tristique tortor eu pede.
Den Lamberti,"Nullam orci pede, venenatis non, sodales sed, tincidunt eu, felis."
Joelly Choppen,Integer a nibh.
Roderick Stigger,Vestibulum ante ipsum primis in faucibus orci luctus et ultrices posuere cubilia Curae; Duis faucibus accumsan odio.
Bern Murkus,Pellentesque viverra pede ac diam.
Doris Shilstone,Praesent blandit.
Stephan Coton,Suspendisse potenti.
Silvano Wordsley,Nullam molestie nibh in lectus.
Camey Vanin,"Cras mi pede, malesuada in, imperdiet et, commodo vulputate, justo."
Hartwell Salt,Nam dui.
Gibby Moreland,Maecenas ut massa quis augue luctus tincidunt.
Beryl Lippitt,Aenean fermentum.
Franky Fills,Cras non velit nec nisi vulputate nonummy.
Damita Quail,Nam dui.
Harvey Almack,"Maecenas leo odio, condimentum id, luctus nec, molestie sed, justo."
Leonardo Claughton,In blandit ultrices enim.
Kaitlynn O'Concannon,Nulla justo.
Lacie Cartin,Aliquam quis turpis eget elit sodales scelerisque.
Cloe Dunckley,Suspendisse accumsan tortor quis turpis.
Had Uvedale,Morbi a ipsum.
Velvet Bairstow,Nulla facilisi.
Leda Prestedge,"Maecenas tristique, est et tempus semper, est quam pharetra magna, ac consequat metus sapien ut nunc."
Bell Greathead,Duis consequat dui nec nisi volutpat eleifend.
Wendie Gagan,Nulla tellus.
Kiel Isaaksohn,Integer ac leo.
Nixie Shepton,Aenean fermentum.
Rhea Luebbert,Phasellus id sapien in sapien iaculis congue.
Liane Hirth,Vestibulum ante ipsum primis in faucibus orci luctus et ultrices posuere cubilia Curae; Nulla dapibus dolor vel est.
Loren Kaesmakers,Nulla ac enim.
Winna Sunman,Pellentesque eget nunc.
Jacky Biggerstaff,Cras pellentesque volutpat dui.
Monah Hawk,Aliquam erat volutpat.
Wilie Tewelson,In quis justo.
Vasili Burd,Donec ut mauris eget massa tempor convallis.
Adel Greenhall,Donec ut dolor.
Cull Toderbrugge,In hac habitasse platea dictumst.
Pattin Daysh,Pellentesque ultrices mattis odio.
Evie Quarlis,"Quisque erat eros, viverra eget, congue eget, semper rutrum, nulla."
Caro Longford,Sed sagittis.
Javier Mucklow,Donec vitae nisi.
Janenna Hearnes,Morbi ut odio.
Pandora Buard,Morbi quis tortor id nulla ultrices aliquet.
Berty Hampstead,Praesent id massa id nisl venenatis lacinia.
Dur Mangeot,Maecenas tincidunt lacus at velit.
Thaine Musselwhite,In hac habitasse platea dictumst.
Dusty Denys,Nullam porttitor lacus at turpis.
Othello Benn,Suspendisse potenti.
Murdock Harrald,Morbi a ipsum.
Rudiger Habben,"Aliquam augue quam, sollicitudin vitae, consectetuer eget, rutrum at, lorem."
Gusella Swannell,Aenean auctor gravida sem.
Gabrila Weightman,Morbi non quam nec dui luctus rutrum.
Melisande Forri,Duis consequat dui nec nisi volutpat eleifend.
Kristopher Fallen,Donec vitae nisi.
Berrie Moseley,"Integer aliquet, massa id lobortis convallis, tortor risus dapibus augue, vel accumsan tellus nisi eu orci."
Morgana Tuttiett,In congue.
Cathrin McCaughren,Morbi quis tortor id nulla ultrices aliquet.
Malva Catford,Morbi quis tortor id nulla ultrices aliquet.
Rivalee Trayling,In hac habitasse platea dictumst.
Riva Tilbury,Praesent lectus.
Barny L'Homme,Vestibulum sed magna at nunc commodo placerat.
Lilly Naile,"Donec odio justo, sollicitudin ut, suscipit a, feugiat et, eros."
Randie Newlyn,Integer non velit.
Eleanor Canning,"Quisque arcu libero, rutrum ac, lobortis vel, dapibus at, diam."
Griff Ouldcott,Cras pellentesque volutpat dui.
Florella Klasing,Fusce consequat.
Kristyn Lansberry,Maecenas rhoncus aliquam lacus.
Baxy Ather,"Lorem ipsum dolor sit amet, consectetuer adipiscing elit."
Joyann Raitt,"Vestibulum ante ipsum primis in faucibus orci luctus et ultrices posuere cubilia Curae; Donec pharetra, magna vestibulum aliquet ultrices, erat tortor sollicitudin mi, sit amet lobortis sapien sapien non mi."
Perri Shinner,Ut at dolor quis odio consequat varius.
Rosella Camsey,Duis ac nibh.
Shannen Hakking,Morbi porttitor lorem id ligula.
Brandon Gilmour,In hac habitasse platea dictumst.
Sergeant Mechan,Vestibulum ante ipsum primis in faucibus orci luctus et ultrices posuere cubilia Curae; Duis faucibus accumsan odio.
Buffy Slogrove,Nam dui.
Bertha Nosworthy,Donec quis orci eget orci vehicula condimentum.
Winnie Jacmard,In quis justo.
Crystie Bywater,Donec quis orci eget orci vehicula condimentum.
Chrissy Jemison,Donec vitae nisi.
Silva Di Biaggi,"Proin leo odio, porttitor id, consequat in, consequat ut, nulla."
Zorina Crysell,Maecenas tincidunt lacus at velit.
Rochelle Glason,Quisque id justo sit amet sapien dignissim vestibulum.
Archibaldo Janas,"Lorem ipsum dolor sit amet, consectetuer adipiscing elit."
Coral Brehaut,Duis consequat dui nec nisi volutpat eleifend.
Miltie Edgars,Maecenas rhoncus aliquam lacus.
Gianina Berrey,Sed sagittis.
Larisa Ingles,Suspendisse ornare consequat lectus.
Carmina Purselowe,Praesent blandit lacinia erat.
Harmonia Samsonsen,Curabitur in libero ut massa volutpat convallis.
Rhonda Upham,"Maecenas leo odio, condimentum id, luctus nec, molestie sed, justo."
Cecilio Quartermain,Donec ut dolor.
Tansy Oliphand,Etiam vel augue.
Midge Rubroe,In eleifend quam a odio.
Sofia Gater,Proin eu mi.
Shantee Farrar,Sed sagittis.
Irvine Faltin,Praesent blandit lacinia erat.
Melisse Baudins,Vestibulum ante ipsum primis in faucibus orci luctus et ultrices posuere cubilia Curae; Nulla dapibus dolor vel est.
Lorianna Harkes,"Duis bibendum, felis sed interdum venenatis, turpis enim blandit mi, in porttitor pede justo eu massa."
Charity Escalera,Vestibulum rutrum rutrum neque.
Cordy Tratton,Nunc rhoncus dui vel sem.
Fielding Lathleiffure,"Vivamus metus arcu, adipiscing molestie, hendrerit at, vulputate vitae, nisl."
Nathalia Discombe,Suspendisse potenti.
Shellysheldon Popham,Nunc nisl.
Dorotea Skocroft,Duis ac nibh.
Hermina Antczak,Quisque porta volutpat erat.
Ludovika Chalkly,Mauris sit amet eros.
Kelsey Keays,"Nulla neque libero, convallis eget, eleifend luctus, ultricies eu, nibh."
Madison Paling,Duis aliquam convallis nunc.
Vite Slocombe,Duis mattis egestas metus.
Vite Channing,Nulla mollis molestie lorem.
Easter Adami,Suspendisse potenti.
Elwin Juares,Donec quis orci eget orci vehicula condimentum.
Ricca Pargetter,Pellentesque eget nunc.
Antonin Hassur,Donec quis orci eget orci vehicula condimentum.
Bibby Doxsey,Aliquam non mauris.
Hinda Meconi,"Vestibulum quam sapien, varius ut, blandit non, interdum in, ante."
Marilee Caulier,Sed vel enim sit amet nunc viverra dapibus.
Lurette Crocetti,Duis at velit eu est congue elementum.
Sydney Nornable,Aliquam sit amet diam in magna bibendum imperdiet.
Flori Levicount,"Proin leo odio, porttitor id, consequat in, consequat ut, nulla."
Alecia Luna,Nullam sit amet turpis elementum ligula vehicula consequat.
Myranda Shoveller,Aliquam quis turpis eget elit sodales scelerisque.
Ariel Edelston,"Nulla neque libero, convallis eget, eleifend luctus, ultricies eu, nibh."
Karin Gerritsma,Nullam sit amet turpis elementum ligula vehicula consequat.
Rutger Hayesman,"Donec odio justo, sollicitudin ut, suscipit a, feugiat et, eros."
Kelvin Imesen,Duis bibendum.
Miller Camlin,Quisque id justo sit amet sapien dignissim vestibulum.
Elwyn Mack,"Vivamus metus arcu, adipiscing molestie, hendrerit at, vulputate vitae, nisl."
Diahann Dobell,Praesent blandit lacinia erat.
Torrie Malcolmson,Proin eu mi.
Ernest Trevillion,Quisque porta volutpat erat.
Farlie Tuite,Duis bibendum.
Enrika Morl,Donec posuere metus vitae ipsum.
Ruperto Pond,Donec ut dolor.
Sebastian Pensom,Nulla mollis molestie lorem.
Lucius Faas,Duis mattis egestas metus.
Lynett Verheyden,Praesent lectus.
Brooke Normanvill,In blandit ultrices enim.
Cornelle McShee,"Nulla neque libero, convallis eget, eleifend luctus, ultricies eu, nibh."
Jammie Lemmen,Vestibulum ante ipsum primis in faucibus orci luctus et ultrices posuere cubilia Curae; Nulla dapibus dolor vel est.
Teddie Musso,"Duis bibendum, felis sed interdum venenatis, turpis enim blandit mi, in porttitor pede justo eu massa."
Elisha Harsum,Nulla ac enim.
Corrina Brill,Nulla suscipit ligula in lacus.
Trace Scintsbury,"Nulla neque libero, convallis eget, eleifend luctus, ultricies eu, nibh."
Cesare Askey,Aliquam non mauris.
Morlee L'Hommeau,Etiam pretium iaculis justo.
Bobette Horley,Cras pellentesque volutpat dui.
Thane Slate,"Lorem ipsum dolor sit amet, consectetuer adipiscing elit."
Zaneta Siemons,"Donec diam neque, vestibulum eget, vulputate ut, ultrices vel, augue."
Calida Physic,Donec quis orci eget orci vehicula condimentum.
Correy Rosindill,Aenean sit amet justo.
Elwyn Kerner,Vivamus vestibulum sagittis sapien.
Sheridan Tennant,Integer tincidunt ante vel ipsum.
Dulcy Wardroper,Duis aliquam convallis nunc.
Delila Emloch,Sed accumsan felis.
Brennen Houdmont,Vivamus in felis eu sapien cursus vestibulum.
Shaughn Fellini,Integer non velit.
Zollie Baumer,Praesent id massa id nisl venenatis lacinia.
Shurlock McMinn,Nunc nisl.
Wenona Ferrarin,Praesent blandit.
Fleur Taillard,"Quisque arcu libero, rutrum ac, lobortis vel, dapibus at, diam."
